page_slug,page_title,original_url,local_path,alt,title,caption
danvikens-hospital,Danvikens hospital,https://henriksborg.se/wp-content/uploads/2023/04/DH-1.jpg,/assets/hsb/danvikens-hospital-dh-1.jpg,,,Danvikshem från Djurgården. Kvarnen till höger står där Fåfängan idag ligger. Akvarell av Georg Albert Muller 1860. Stockholms stadsmuseum 501337
danvikens-hospital,Danvikens hospital,https://henriksborg.se/wp-content/uploads/2023/04/DH-2.jpg,/assets/hsb/danvikens-hospital-dh-2.jpg,,,"Gustav Vasas brev 21 februari 1551 om Stockholms hospitals flyttning till Danviken. Riksarkivet, Gustav I:s registratur 1551. Nackas lokalhistoriska arkiv ."
danvikens-hospital,Danvikens hospital,https://henriksborg.se/wp-content/uploads/2023/04/DH-3.jpg,/assets/hsb/danvikens-hospital-dh-3.jpg,,,"Sankta Klara, Hortolana och Agnes av Assisi. Altartavla från Danvikens hospital i början av 1500-talet. Tavlan kom ursprungligen från de nedlagda Klara kloster. Fotografi av Lennart Karlsson, Historiska museet."
danvikens-hospital,Danvikens hospital,https://henriksborg.se/wp-content/uploads/2023/04/DH-4.jpg,/assets/hsb/danvikens-hospital-dh-4.jpg,,,På den här kartan från 1776 syns tydligt att Danviks rännil rinner under byggnaderna – även under den stora huvudbyggnaden som står kvar än idag. Österut syns Hindricsborg – saltsjuderiet som blev dårhus. Det gulputsade huset är idag en  bostadsrättsförening. Även Hindricsdal är inritad. Riksantikvarieämbetet.
danvikens-hospital,Danvikens hospital,https://henriksborg.se/wp-content/uploads/2023/04/DH-5-2048x1480.jpeg,/assets/hsb/danvikens-hospital-dh-5-2048x1480.jpeg,,,
danvikens-hospital,Danvikens hospital,https://henriksborg.se/wp-content/uploads/2023/04/DH-6.jpg,/assets/hsb/danvikens-hospital-dh-6.jpg,,,"Här syns kvarnen i mitten med sina dammluckor och porten in till hospitalsområdet som det såg ut senast 1890. Vägen slingrar sig runt Hammarby sjö i förgrunden, över bron, ut mot Värmdö. Oljemålning av A. Hökenberg."
danvikens-hospital,Danvikens hospital,https://henriksborg.se/wp-content/uploads/2023/04/DH-7.jpg,/assets/hsb/danvikens-hospital-dh-7.jpg,,,"Hela Sicklaön, från Danviken allra längst i väster mot Södermalm till Skurusundet i öster, låg under Danvikens hospital. Lantmäteriet. 1782. Gabriel Boding."
danvikens-hospital,Danvikens hospital,https://henriksborg.se/wp-content/uploads/2023/04/DH-8.jpg,/assets/hsb/danvikens-hospital-dh-8.jpg,,,"Hammarby sjös utlopp kallades för Danviks rännil. På Hospitalsområdet rann den ut i Saltsjön efter att ha passerat en kvarn, en smedja, genom kyrkan med alla sjuksängar och ett antal dass som på så sätt blev tidiga vattenklosetter. Foto Saltsjöqvarn 1915. Nacka lokalhistoriska arkiv."
danvikens-hospital,Danvikens hospital,https://henriksborg.se/wp-content/uploads/2023/04/DH-9.jpg,/assets/hsb/danvikens-hospital-dh-9.jpg,,,Kyrkan från 1700-talet är den enda av hospitalets byggnader som står kvar. Här syns med orgeln längst bort och på sidoväggarna de fönster som ledde till sjukavdelningarna i sidoskeppen. Larssons ateljé 1906. Stockholms stadsmuseum Fotonummer C 620.
danvikens-hospital,Danvikens hospital,https://henriksborg.se/wp-content/uploads/2023/04/DH-10.jpg,/assets/hsb/danvikens-hospital-dh-10.jpg,,,”Danviks dårhus” är idag bostäder. Foto Janne Petersson 2022.
danvikens-hospital,Danvikens hospital,https://henriksborg.se/wp-content/uploads/2023/04/DH-11.jpg,/assets/hsb/danvikens-hospital-dh-11.jpg,,,"”Dårarnas slott” Konradsberg ca 1860 dit de sinnessjuka från Danviken flyttades. Ligger i Marieberg på Kungsholmen och här fanns, ett antal år lärarhögskolan. Stadsmuseet. Okänd fotograf."
danvikens-hospital,Danvikens hospital,https://henriksborg.se/wp-content/uploads/2023/04/DH-12-2048x1578.jpg,/assets/hsb/danvikens-hospital-dh-12-2048x1578.jpg,,,Entrén till Hospitalet 1915. Nacka Lokalhistoriska arkiv.
danvikens-hospital,Danvikens hospital,https://henriksborg.se/wp-content/uploads/2023/04/DH-13-2.jpg,/assets/hsb/danvikens-hospital-dh-13-2.jpg,,,"Huvudbyggnaden, med kyrkan och sjuksalarna, som ännu står kvar. Fotograf Aktiebolaget Saltsjöqvarn 1915. Nacka lokalhistoriska arkiv."
danvikens-hospital,Danvikens hospital,https://henriksborg.se/wp-content/uploads/2023/04/DH-14.jpg,/assets/hsb/danvikens-hospital-dh-14.jpg,,,Längs till vänster Saltsjöqvarns byggnader och hospitalsbyggnaderna syns närmast kameran. Den stora byggnaden i mitten står ännu kvar. Snett till vänster syns ett kombinerat kontor och bostad för hospitalets ledning. Foto Saltsjöqvarn 1915. Nacka Lokalhistoriska arkiv.
danvikens-hospital,Danvikens hospital,https://henriksborg.se/wp-content/uploads/2023/04/DH-15-2048x1446.jpg,/assets/hsb/danvikens-hospital-dh-15-2048x1446.jpg,,,"Hospitalsområdet mot Södermalm och Fåfängan till vänster, runt 1900. Huvudbyggnaden i mitten. Fotograf: Danvikens arkiv. Nacka Lokalhistoriska arkiv."
danvikens-hospital,Danvikens hospital,https://henriksborg.se/wp-content/uploads/2023/04/DH-16.jpg,/assets/hsb/danvikens-hospital-dh-16.jpg,,,Hospitalets ekonomibyggnad och bron med Saltsjöbanan. Uppe till vänster syns den nu försvunna Danviksgatan från Söder och Liljeholmens fabriker. Foto Aktiebolaget Saltsjöqvarn 1915. Nacka Lokalhistoriska arkiv.
danvikens-hospital,Danvikens hospital,https://henriksborg.se/wp-content/uploads/2023/04/DH-17.jpg,/assets/hsb/danvikens-hospital-dh-17.jpg,,,"Sedan början av 1890-talet strök Saltsjöbanan förbi Hospitalets entré vid Hammarby sjös utlopp. Här är den första bron som senare ersattes av en klaffbro då kanalen grävdes ut. Fotografen står på landsvägen ut mot Värmdö, nedanför Danviksklippan där kanalen idag går. Foto Carl Johan Gimberg 1896. Stockholms stadsmuseum Fotonummer Fa 3838."
danvikens-hospital,Danvikens hospital,https://henriksborg.se/wp-content/uploads/2023/04/DH-18.jpg,/assets/hsb/danvikens-hospital-dh-18.jpg,,,"Danviksbro med Saltsjöbanan 1893 och Hospitalets byggnader i bakgrunden. Bilden är tagen mot norr, från sluttningen av Danviksklippen innan kanalen grävdes fram. Fotograf okänd. Stockholms stadsmuseum Fotonummer C 1235."
danvikens-hospital,Danvikens hospital,https://henriksborg.se/wp-content/uploads/2023/04/DH-20.jpg,/assets/hsb/danvikens-hospital-dh-20.jpg,,,Hammarby sjös utlopp vid Danviken 1915 innan kanalen började grävas ut. Sjön var delvis igenväxt. Till höges syns Liljeholmens fabriker på Södermalmssidan. Vägen slingrar sig vidare runt Danviksklippan mot Värmdö till vänster i bilden. Fotograf Aktiebolaget Saltsjöqvarn. Nacka lokalhistoriska arkiv.
danvikens-hospital,Danvikens hospital,https://henriksborg.se/wp-content/uploads/2023/04/DH-21.jpg,/assets/hsb/danvikens-hospital-dh-21.jpg,,,"Här har nästan alla byggnader på hospitalsområdet rivits för att ge plats för kanalen som snart ska börja grävas. Bara kyrkobyggnaden, som idag står kvar, syns på bilden. Stadsmuseet i Stockholm 1917–1920. Fotograf okänd. Fa37529"
danvikens-hospital,Danvikens hospital,https://henriksborg.se/wp-content/uploads/2023/04/DH-22.jpg,/assets/hsb/danvikens-hospital-dh-22.jpg,,,Flygbild över Danvikskanalen mot Saltsjön och Djurgården. Endast kyrkan med vårdsalarna återstår av hospitalet. Det syns tydligt vilken förändring som skett i landskapet. Foto Oscar Bladh 1934. Stockholms stadsmuseum Fotonummer Fa 50713.
danvikens-hospital,Danvikens hospital,https://henriksborg.se/wp-content/uploads/2023/04/DH-23-2048x1381.jpg,/assets/hsb/danvikens-hospital-dh-23-2048x1381.jpg,,,Danvikshem 1937. Observera byggnaderna till höger som nu är rivna och ersatta av en gemensamhetslokal och seniorbostäder. Trädgårdsodlingar syns där Hvilans skola finns idag. Fotograf Ahrenbergs flyg. Stockholms läns museum Flygbildssamlingen. FB-0049
finnboda-varv,Finnboda Varv,https://henriksborg.se/wp-content/uploads/2022/06/Finn-1.jpg,/assets/hsb/finnboda-varv-finn-1.jpg,,,Stadsingenjörskontoret och Sjökarteverket — Stockholm 1897
finnboda-varv,Finnboda Varv,https://henriksborg.se/wp-content/uploads/2022/06/Finn-2.jpg,/assets/hsb/finnboda-varv-finn-2.jpg,,,"Ett tidigt foto från Finnboda slip. Årtal och fotograf okända. Sjöhistoriska muséet. Fo 3427. Den minsta vita byggnaden, på berget till höger, står kvar än idag i förfallet skick – snett emot livsmedelsbutiken."
finnboda-varv,Finnboda Varv,https://henriksborg.se/wp-content/uploads/2022/06/Finn-3-2048x1554.jpg,/assets/hsb/finnboda-varv-finn-3-2048x1554.jpg,,,Finnboda vid 1800-talets slut. Fotograf okänd. CNH – Centrum för näringslivshistoria.
finnboda-varv,Finnboda Varv,https://henriksborg.se/wp-content/uploads/2022/06/Finn-4-2.jpg,/assets/hsb/finnboda-varv-finn-4-2.jpg,,,"Kanonbåten Coreatz, som levererades 1886 till tsaren, hade både segel och ångmaskin. Den deltog i strider under det s. k. Boxarupproret i Kina och i ett krig med Japan 1904 skadades Coreatz svårt och sprängdes av besättningen som övergav fartyget. Okänd fotograf."
finnboda-varv,Finnboda Varv,https://henriksborg.se/wp-content/uploads/2022/06/Finn-5.jpg,/assets/hsb/finnboda-varv-finn-5.jpg,,,Pansarbåten Wasa sjösätts 1902 och användes av den svenska marinen till 1940. Fotograf okänd. Sjöhistoriska muséet. Fo 220368.
finnboda-varv,Finnboda Varv,https://henriksborg.se/wp-content/uploads/2022/06/Finn-6.jpg,/assets/hsb/finnboda-varv-finn-6.jpg,,,Fylgia sjösätts 1905. Fotograf Erik No. Fo 157737. Sjöhistoriska muséet.
finnboda-varv,Finnboda Varv,https://henriksborg.se/wp-content/uploads/2022/06/Finn-7.jpg,/assets/hsb/finnboda-varv-finn-7.jpg,,,Fylgia möter segelskeppet Saga på Nordsjön under sin jungfruresa till USA . Målning av Jacob Hägg. Sjöhistoriska O 10037.ti Den utdragna stäven kunde användas för att ramma andra fartyg.
finnboda-varv,Finnboda Varv,https://henriksborg.se/wp-content/uploads/2022/06/Finn-8.jpg,/assets/hsb/finnboda-varv-finn-8.jpg,,,"Sundet, mellan det som då var Finnboda och Hästholmen/dagens Kvarnholmen. Idag mynnar tunneln här och till vänster ligger Finnboda Kajväg i stället för berget på bilden. Foto Gunnar Götherström 1934. Nacka lokalhistoriska arkiv"
finnboda-varv,Finnboda Varv,https://henriksborg.se/wp-content/uploads/2022/06/Finn-9.jpg,/assets/hsb/finnboda-varv-finn-9.jpg,,,Lastfartyget Freja 1938. Okänd fotograf. Sjöhistoriska muséet. Fo 206565.
finnboda-varv,Finnboda Varv,https://henriksborg.se/wp-content/uploads/2022/06/Finn-10.jpg,/assets/hsb/finnboda-varv-finn-10.jpg,,,Fredrika sjösätts 1942 – just där Sjövägens båtar idag har sin tilläggsplats. Okänd fotograf. Statens maritima muséer. Huset där Foogia idag har sitt möbelvaruhus syns till vänster.
finnboda-varv,Finnboda Varv,https://henriksborg.se/wp-content/uploads/2022/06/Finn-11-2.jpg,/assets/hsb/finnboda-varv-finn-11-2.jpg,,,Finnbodaberget 1938. Centrum för Näringslivshistoria.
finnboda-varv,Finnboda Varv,https://henriksborg.se/wp-content/uploads/2022/06/Finn-12.jpg,/assets/hsb/finnboda-varv-finn-12.jpg,,,"Närbild av personalbostäderna från öster 1938. Okänd fotograf. Finnboda Varv AB :s arkiv, Stockholms företagsminnen."
finnboda-varv,Finnboda Varv,https://henriksborg.se/wp-content/uploads/2022/06/Finn-13.jpg,/assets/hsb/finnboda-varv-finn-13.jpg,,,Arbetarbostäder ovanför Finnboda. 1943. Foto Gunnar Götherström. Nacka Lokalhistoriska arkiv.
finnboda-varv,Finnboda Varv,https://henriksborg.se/wp-content/uploads/2022/06/Finn-14.jpg,/assets/hsb/finnboda-varv-finn-14.jpg,,,Ett tvättrum på Finnboda varv 1948. Fotograf AFA-Foto. Centrum för Näringslivshistoria.
finnboda-varv,Finnboda Varv,https://henriksborg.se/wp-content/uploads/2022/06/Finn-15.jpg,/assets/hsb/finnboda-varv-finn-15.jpg,,,Varvsgrinden vid slutet av en arbetsdag 1948. Till vänster innanför grinden skymtar marketenteriet som idag är kontor och skola. Till höger innanför grinden är platsen för dagens livsmedelsbutik. Foto AFA-Foto. Centrum för näringslivshistoria. NLA
finnboda-varv,Finnboda Varv,https://henriksborg.se/wp-content/uploads/2022/06/Finn-16.jpg,/assets/hsb/finnboda-varv-finn-16.jpg,,,Färjan Gotland provkörs efter reparationer på Finnboda. I bakgrund syns mattfabriken på Henriksborgsklippan där radhusen idag ligger. Bakom aktern syns den gamla linoljefabriken. Fotograf Thure Ehrnlund. Sjöhistoriska muséet. Fo 6944
finnboda-varv,Finnboda Varv,https://henriksborg.se/wp-content/uploads/2022/06/Finn-17.jpg,/assets/hsb/finnboda-varv-finn-17.jpg,,,De båda husen på bilden från 1949 står kvar och stapelbädden syns tydligt i bildens nederkant. Det ljusa huset var snickeri- och timmermansverkstad. Huset till vänster var verkstadskontoret. Fotograf Stig Herbst. Sjöhistoriska Fo 65448C .
finnboda-varv,Finnboda Varv,https://henriksborg.se/wp-content/uploads/2022/06/Finn-18.jpg,/assets/hsb/finnboda-varv-finn-18.jpg,,,"Uppe till vänster, syns huset där möbelvaruhuset Foogia idag ligger. På den här bilden 1961 är det fortfarande ångmaskinsverkstad. SGL-huset som sticker upp ännu längre bort var affärs- och ritkontor. Fotograf Stig Herbst. Statens maritima muséer. Fo 73311A"
finnboda-varv,Finnboda Varv,https://henriksborg.se/wp-content/uploads/2022/06/Finn-19.jpg,/assets/hsb/finnboda-varv-finn-19.jpg,,,"Finnberget i början av 1950-talet, till vänster, med de då nybyggda personalbostäderna. I flytdockan ligger fartyget M/S Birger Jarl. Den idag, delvis bevarade, stapelbädden syns i mitten av bilden. Fotograf Oscar Bladh. Stockholms stadsmuseum."
finnboda-varv,Finnboda Varv,https://henriksborg.se/wp-content/uploads/2022/06/Finn-20.jpg,/assets/hsb/finnboda-varv-finn-20.jpg,,,Fartyg upplagda för reparation 1972. Fotograf Thor-Björn Johansson. Sjöhistoriska.
finnboda-varv,Finnboda Varv,https://henriksborg.se/wp-content/uploads/2022/06/Finn-21.jpg,/assets/hsb/finnboda-varv-finn-21.jpg,,,Flygbild från 1975. CNH . På Henriksborgsklippan är nu mattfabriken riven – men radhusen är ännu inte byggda.
finnboda-varv,Finnboda Varv,https://henriksborg.se/wp-content/uploads/2022/06/Finn-22.jpg,/assets/hsb/finnboda-varv-finn-22.jpg,,,Finnboda varv 1984. Fotograf Ingvar Lundkvist. Statens maritima muséer. LD99-0312
hsb-och-bygget,HSB och bygget,https://henriksborg.se/wp-content/uploads/2020/12/HB-boken-kap-1-bild-1.jpg,/assets/hsb/hsb-och-bygget-hb-boken-kap-1-bild-1.jpg,,,Henriksborgsklippan med den övre fabriken – där radhusen nu ligger. Ur Näringslivets utveckling i Sverige. Okänd konstnär sekelskiftet 1800–1900.
hsb-och-bygget,HSB och bygget,https://henriksborg.se/wp-content/uploads/2021/01/Henriksborg-Vy-över-Danvikskanalens-utlopp.jpg,/assets/hsb/hsb-och-bygget-henriksborg-vy-o-ver-danvikskanalens-utlopp.jpg,,,"Vy över Danvikskanalens utlopp i Saltsjön — alltså innan Hammarbykanalen byggdes. Till höger ses Saltsjöqvarn och i fonden, Danvikshem. Linoljefabriken på Henriksborgsklippan syns bakom skorstenen. Fotograf Aktiebolaget Saltsjöqvarn 1915. Nacka Lokalhistoriska arkiv."
hsb-och-bygget,HSB och bygget,https://henriksborg.se/wp-content/uploads/2019/03/1955-Svenska-Oljeslageriaktiebolaget.jpg,/assets/hsb/hsb-och-bygget-1955-svenska-oljeslageriaktiebolaget.jpg,,,"Övre fabriken på Henriksborgsklippan år 1955 från väster. Danvikshem i övre vänsterkant. Linoljelagret, som finns kvar än idag, nere till vänster. Bild från Nacka lokalhistoriska arkiv. Fotograf okänd."
hsb-och-bygget,HSB och bygget,https://henriksborg.se/wp-content/uploads/2019/03/1955-bild-tagen-från-öster.jpg,/assets/hsb/hsb-och-bygget-1955-bild-tagen-fra-n-o-ster.jpg,,,Från Danvikshems torn mot väster kring 1955. Saltsjöqvarn syns tydligt liksom silobyggnaderna som sedan länge är borta. Nacka lokalhistoriska arkiv. Fotograf okänd.
hsb-och-bygget,HSB och bygget,https://henriksborg.se/wp-content/uploads/2019/03/1964-strax-innan-rivning.jpg,/assets/hsb/hsb-och-bygget-1964-strax-innan-rivning.jpg,,,Det gula ”Dårhuset” liksom det låga huset till höger om det är de enda som idag är kvar. Foto Gunnar Sillén 1965.
hsb-och-bygget,HSB och bygget,https://henriksborg.se/wp-content/uploads/2020/12/HB-boken-kap-1-bild-6-bw.jpg,/assets/hsb/hsb-och-bygget-hb-boken-kap-1-bild-6-bw.jpg,,,
hsb-och-bygget,HSB och bygget,https://henriksborg.se/wp-content/uploads/2020/12/Hb-boken-kap-1-bild-7.png,/assets/hsb/hsb-och-bygget-hb-boken-kap-1-bild-7.png,,,
hsb-och-bygget,HSB och bygget,https://henriksborg.se/wp-content/uploads/2020/12/Saltsjöblick-Mockup-2.jpg,/assets/hsb/hsb-och-bygget-saltsjo-blick-mockup-2.jpg,,,Ur HSB :s broschyr om Saltsjö-Blick.
hsb-och-bygget,HSB och bygget,https://henriksborg.se/wp-content/uploads/2020/12/HB-boken-kap-1-bild-9.png,/assets/hsb/hsb-och-bygget-hb-boken-kap-1-bild-9.png,,,
hsb-och-bygget,HSB och bygget,https://henriksborg.se/wp-content/uploads/2020/12/HB-boken-kap-1-bild-10.png,/assets/hsb/hsb-och-bygget-hb-boken-kap-1-bild-10.png,,,
hammarby-sjo,Hammarby sjö,https://henriksborg.se/wp-content/uploads/2022/01/hsjö-1.jpg,/assets/hsb/hammarby-sjo-hsjo--1.jpg,,,"Hammarby sjö och i bakgrunden syns porten till Danvikens hospital, gaveln på Danvikskvarn och kyrktornet. Vägen mot Nacka slingrar sig runt Danviksklippan. På Danviksklippan ligger en väderkvarn. Okänd konstnär. Bild från Södermalm i tid och rum."
hammarby-sjo,Hammarby sjö,https://henriksborg.se/wp-content/uploads/2022/01/hsjö-2.jpg,/assets/hsb/hammarby-sjo-hsjo--2.jpg,,,Bakom Danvikens hospital syns den nybyggda Saltsjöqvarn. Isen ligger och året är 1891. Stockholmskällan. Fotonummer Fa 51001 Okänd fotograf.
hammarby-sjo,Hammarby sjö,https://henriksborg.se/wp-content/uploads/2022/01/hsjö-3.jpg,/assets/hsb/hammarby-sjo-hsjo--3.jpg,,,"Hammarby sjö 1901. Häradsekonomiska kartan, Lantmäteriet. Public Domain."
hammarby-sjo,Hammarby sjö,https://henriksborg.se/wp-content/uploads/2022/01/hsjö-4.jpg,/assets/hsb/hammarby-sjo-hsjo--4.jpg,,,1892. Stadsmuséet. Bildnummer Fa 206. Fotograf Axel Lindahl
hammarby-sjo,Hammarby sjö,https://henriksborg.se/wp-content/uploads/2022/01/hsjö-5.jpg,/assets/hsb/hammarby-sjo-hsjo--5.jpg,,,Nu har även järnvägsbron för Saltsjöbanan byggts och det är runt 1900. Stockholms stadsmuseum. Fotonummer Fa 48618. Okänd fotograf.
hammarby-sjo,Hammarby sjö,https://henriksborg.se/wp-content/uploads/2022/01/hsjö-6.png,/assets/hsb/hammarby-sjo-hsjo--6.png,,,"Innan kanalen byggdes. Karta från 1909 från Stadsmuseum, Stockholmskällan."
hammarby-sjo,Hammarby sjö,https://henriksborg.se/wp-content/uploads/2022/01/hsjö-7.jpg,/assets/hsb/hammarby-sjo-hsjo--7.jpg,,,Stäven till ett fartyg vid Söder Mälarstrand på väg mot Saltsjön. Foto av Anton Blomberg 1899. Stadsmuséet. ID SSMD000026
hammarby-sjo,Hammarby sjö,https://henriksborg.se/wp-content/uploads/2022/01/hsjö-8.jpg,/assets/hsb/hammarby-sjo-hsjo--8.jpg,,,Här spränger man sig fram genom Danviksklippan 1923. I bakgrunden syns den då nya Danviksbron och till höger den delvis bortsprängda Danviksklippan. Fotograf Svenska Dagbladet. Stockholms stadsmuseum. Fotonummer Fa 40666
hammarby-sjo,Hammarby sjö,https://henriksborg.se/wp-content/uploads/2022/01/hsjö-9.jpg,/assets/hsb/hammarby-sjo-hsjo--9.jpg,,,"Arbetet med kanalen har framskridit och den nya bron syns tydligt. Djurgården i bakgrunden och Danviksklippan till höger. Sjöhistoriska museet, 1923. Fotograf Karl Ransell"
hammarby-sjo,Hammarby sjö,https://henriksborg.se/wp-content/uploads/2022/01/hsjö-10.jpg,/assets/hsb/hammarby-sjo-hsjo--10.jpg,,,Fångdammen mot Saltsjön och Saltsjöqvarn 1925. Danvikshem är nu byggt. Foto Hamnstyrelsen och Stockholmskällan. Fotograf okänd.
hammarby-sjo,Hammarby sjö,https://henriksborg.se/wp-content/uploads/2022/01/hsjö-11-2048x1311.jpg,/assets/hsb/hammarby-sjo-hsjo--11-2048x1311.jpg,,,"Danviks kanal 1925 som ska fyllas med vatten. Politiker och allmänhet provgår, i höjd med Fåfängan, in mot Hammarby sjö. Fotograf okänd. Teknik- och industrihistoriska arkivet/Tekniska museet TEKA0139809"
hammarby-sjo,Hammarby sjö,https://henriksborg.se/wp-content/uploads/2022/01/hsjö-12.png,/assets/hsb/hammarby-sjo-hsjo--12.png,,,Karta från 1930. Stadsmuseum och Stockholmskällan.
hammarby-sjo,Hammarby sjö,https://henriksborg.se/wp-content/uploads/2022/01/hsjö13-2048x1452.jpg,/assets/hsb/hammarby-sjo-hsjo-13-2048x1452.jpg,,,Hammarbyleden 1934. Flygfoto av Oscar Bladh. Bildnummer OBK 95. Stockholms Stadsmuseum.
hammarby-sjo,Hammarby sjö,https://henriksborg.se/wp-content/uploads/2022/01/hsjö14.jpg,/assets/hsb/hammarby-sjo-hsjo-14.jpg,,,Bild från Stockholms skönhetsråd runt 1930. Stockholms stadsmuseum. Fotonummer F 16374.
hammarby-sjo,Hammarby sjö,https://henriksborg.se/wp-content/uploads/2022/01/hsjö15.jpg,/assets/hsb/hammarby-sjo-hsjo-15.jpg,,,Lugnets industriområde 1968. Fotograf Håkan Nordenadler. Digitala stadsmuséet.
hammarby-sjo,Hammarby sjö,https://henriksborg.se/wp-content/uploads/2022/01/hsjö16.jpg,/assets/hsb/hammarby-sjo-hsjo-16.jpg,,,Danviksgatan mot Danviksbron 1922. Spårvägsmuséet. Dokument id: 1–3164 Fotograf okänd.
hammarby-sjo,Hammarby sjö,https://henriksborg.se/wp-content/uploads/2022/01/hsjö17-2048x1126.jpg,/assets/hsb/hammarby-sjo-hsjo-17-2048x1126.jpg,,,Liljeholmens stearinfabrik och Danviksbron 1939. Stadsmuséet. Aero Material AB . Fotograf okänd. Bildnummer: Fa 14620
hammarby-sjo,Hammarby sjö,https://henriksborg.se/wp-content/uploads/2022/01/hsjö18.jpg,/assets/hsb/hammarby-sjo-hsjo-18.jpg,,,"Buss nr 6 är på väg från Södermalm till Björknäs år 1925. Här nedanför Danviksklippan med Saltsjöbanan till höger. Den nybyggda Danviksbron, för både tåg och bilar, skymtar i bakgrunden. Fotograf okänd. Nacka lokalhistoriska arkiv."
hammarby-sjo,Hammarby sjö,https://henriksborg.se/wp-content/uploads/2022/01/hsjö19.jpg,/assets/hsb/hammarby-sjo-hsjo-19.jpg,,,1953. Stockholms stadsmuseum Fotonummer SvD 21165. Fotograf Tore Burnäs .
hammarby-sjo,Hammarby sjö,https://henriksborg.se/wp-content/uploads/2022/01/hsjö20.jpg,/assets/hsb/hammarby-sjo-hsjo-20.jpg,,,1956. Nacka Lokalhistoriska arkiv. Fotograf okänd.
hammarby-sjo,Hammarby sjö,https://henriksborg.se/wp-content/uploads/2022/01/hsjö21.jpg,/assets/hsb/hammarby-sjo-hsjo-21.jpg,,,1959. Spårvägsmuséet. Dokument id: 2108–1234. Fotograf Jan Zetterberg.
hammarby-sjo,Hammarby sjö,https://henriksborg.se/wp-content/uploads/2022/01/hsjö22.jpg,/assets/hsb/hammarby-sjo-hsjo-22.jpg,,,1963. Spårvägsmuséet . Dokument id : 2108–972. Fotograf Håkan Trapp.
industrialiseringen,Industrialiseringen,https://henriksborg.se/wp-content/uploads/2021/09/Ind-1.jpg,/assets/hsb/industrialiseringen-ind-1.jpg,,,Danviken och österut från Fåfängan 1860. Sjöhistoriska Fo48173A. Fotograf Johannes Jaeger.
industrialiseringen,Industrialiseringen,https://henriksborg.se/wp-content/uploads/2021/09/Ind-2.jpg,/assets/hsb/industrialiseringen-ind-2.jpg,,,Linoljefabriken. Bilden är från en filminspelning i mitten på 1970-talet av 1800-talsdramat ”Mina drömmars stad” efter Per Anders Fogelströms romaner. Foto Kjell Eklund
industrialiseringen,Industrialiseringen,https://henriksborg.se/wp-content/uploads/2021/09/Ind-3-2048x1569.jpg,/assets/hsb/industrialiseringen-ind-3-2048x1569.jpg,,,"Målning av Gunnar Zetterström, 1902–19. Okänt årtal – men sannolikt 1930- eller 1940-tal, Källa Metropol auktioner. Målaren stod på Waldemarsuddde. Här syns den nya mattfabriken på berget och det gula dårhuset på kajen där arbetarna nu bodde (skymtar alldeles till vänster om kvarnen och intill står linoljefabrikens byggnad). Det ljusgula avlånga huset längst till höger är den enda byggnad från hospitalet som ännu står kvar."
industrialiseringen,Industrialiseringen,https://henriksborg.se/wp-content/uploads/2021/09/Ind-4.jpg,/assets/hsb/industrialiseringen-ind-4.jpg,,,"Den övre och nedre fabriken. Prins Eugens tavla Rökar, Oljefabriken från 1907. Finns på Waldemarsudde WE 251."
industrialiseringen,Industrialiseringen,https://henriksborg.se/wp-content/uploads/2021/09/Ind-5.jpg,/assets/hsb/industrialiseringen-ind-5.jpg,,,"Oljefabrikens arbetare fotograferade på kajen framför fabriken på 1890-talet. Andre mannen i mittenraden från höger med ljus tröja under skjortan hette Gustav Carlsson. Det är hans sonson, Jörgen Arneving, som äger bilden."
industrialiseringen,Industrialiseringen,https://henriksborg.se/wp-content/uploads/2021/09/Ind-6-2048x1378.jpg,/assets/hsb/industrialiseringen-ind-6-2048x1378.jpg,,,"Södersidan av den övre fabriken 1955. Nacka lokalhistoriska arkiv. Fotograf okänd. Bilden är tagen från sydost, bortanför tennisbanan, och fotografen har Kvarnholmsvägen bakom och nedanför sig."
industrialiseringen,Industrialiseringen,https://henriksborg.se/wp-content/uploads/2021/09/Ind-7-2048x1526.jpg,/assets/hsb/industrialiseringen-ind-7-2048x1526.jpg,,,1955. Fotograf okänd. Nacka Lokalhistoriska arkiv.
industrialiseringen,Industrialiseringen,https://henriksborg.se/wp-content/uploads/2021/09/Ind-8.jpg,/assets/hsb/industrialiseringen-ind-8.jpg,,,"Här syns linoljefabriken på kajen och mattfabriken på klippan. Det gula dårhuset och den låga byggnaden, till höger, som är konstnärsateljé är de enda byggnader som står kvar idag. Foto 1965 av Gunnar Sillén."
industrialiseringen,Industrialiseringen,https://henriksborg.se/wp-content/uploads/2021/09/Ind-9.jpg,/assets/hsb/industrialiseringen-ind-9.jpg,,,"Så här såg kontorshuset på Västra Finnbodavägen ut när det var Rylanders & Rudolphs Fabriks Ab  runt 1910. Bilden är tagen från platsen där kontorshuset Danviks center ligger idag. Tekniska muséet 0115019, Fotograf okänd. Public domain."
industrialiseringen,Industrialiseringen,https://henriksborg.se/wp-content/uploads/2021/09/Ind-10.jpg,/assets/hsb/industrialiseringen-ind-10.jpg,,,1913. Tekniska muséet. Teka 115022. Fotograf okänd.
industrialiseringen,Industrialiseringen,https://henriksborg.se/wp-content/uploads/2021/09/Ind-11-2048x1572.jpg,/assets/hsb/industrialiseringen-ind-11-2048x1572.jpg,,,Slipmaskiner som drevs av transmissionsremmar. Arbetsmiljön var betydligt farligare än idag. Rylanders & Rudolphs runt 1910. Fotograf okänd. Nacka Lokalhistoriska Arkiv.
industrialiseringen,Industrialiseringen,https://henriksborg.se/wp-content/uploads/2021/09/Ind-12.jpg,/assets/hsb/industrialiseringen-ind-12.jpg,,,Hammarby kanal har grävts fram. Karta från 1936.
industrialiseringen,Industrialiseringen,https://henriksborg.se/wp-content/uploads/2021/09/Ind-13-2048x1477.jpg,/assets/hsb/industrialiseringen-ind-13-2048x1477.jpg,,,Flygfoto 1955 med Mattfabriken på Henriksborgsklippan i centrum. Fotograf okänd. Nacka lokalhistoriska arkiv.
industrialiseringen,Industrialiseringen,https://henriksborg.se/wp-content/uploads/2021/09/Ind-14-2048x1407.jpg,/assets/hsb/industrialiseringen-ind-14-2048x1407.jpg,,,Fotograf Gunnar Götherström 1943. Nacka lokalhistoriska arkiv.
industrialiseringen,Industrialiseringen,https://henriksborg.se/wp-content/uploads/2021/09/Ind-15.jpg,/assets/hsb/industrialiseringen-ind-15.jpg,,,Foto 1960. Nacka lokalhistoriska arkiv. Fotograf okänd.
industrialiseringen,Industrialiseringen,https://henriksborg.se/wp-content/uploads/2021/09/Ind-16.jpg,/assets/hsb/industrialiseringen-ind-16.jpg,,,"Åkrarna utefter Kvarnholmsvägen. Foto Gunnar Götherström 1937, Nacka lokalhistoriska arkiv."
industrialiseringen,Industrialiseringen,https://henriksborg.se/wp-content/uploads/2021/09/Ind-17.jpg,/assets/hsb/industrialiseringen-ind-17.jpg,,,1943. Nacka lokalhistoriska arkiv. Foto Gunnar Götherström.
industrialiseringen,Industrialiseringen,https://henriksborg.se/wp-content/uploads/2021/09/Ind-18.jpg,/assets/hsb/industrialiseringen-ind-18.jpg,,,1959. Spårvägsmuséet. Fotograf Jan Zetterberg. Dokument id: 2108–1233
industrialiseringen,Industrialiseringen,https://henriksborg.se/wp-content/uploads/2021/09/Ind-19.jpg,/assets/hsb/industrialiseringen-ind-19.jpg,,,1941. Stockholm Vatten. Fotograf okänd.
industrialiseringen,Industrialiseringen,https://henriksborg.se/wp-content/uploads/2021/09/Ind-20.jpg,/assets/hsb/industrialiseringen-ind-20.jpg,,,Kvarnen vid Danviksklippan på 1880-talet.  Fotograf Carl Curman. Stockholms stadsmuseum Fotonummer C 3107
industrialiseringen,Industrialiseringen,https://henriksborg.se/wp-content/uploads/2021/09/Ind-21.jpg,/assets/hsb/industrialiseringen-ind-21.jpg,,,1944. Stadsmuséet. Fotonummer SvD 33947. Fotograf Vimar Ericsson.
industrialiseringen,Industrialiseringen,https://henriksborg.se/wp-content/uploads/2021/09/Ind-22.jpg,/assets/hsb/industrialiseringen-ind-22.jpg,,,Vykort från 1956. Okänd fotograf.
industrialiseringen,Industrialiseringen,https://henriksborg.se/wp-content/uploads/2021/09/Ind-23.jpg,/assets/hsb/industrialiseringen-ind-23.jpg,,,2009. Fotograf ”Jordgubbe”
industrialiseringen,Industrialiseringen,https://henriksborg.se/wp-content/uploads/2021/09/Ind-24-2048x2022.jpeg,/assets/hsb/industrialiseringen-ind-24-2048x2022.jpeg,,,Danviksklippan och Lugnets industriområde närmast. 1966. Riksantikvarieämbetet. Foto Erik Claesson
industrialiseringen,Industrialiseringen,https://henriksborg.se/wp-content/uploads/2021/09/Ind-25-2048x1409.jpeg,/assets/hsb/industrialiseringen-ind-25-2048x1409.jpeg,,,1967. Riksantikvarieämbetet. Fotograf Erik Claesson.
industrialiseringen,Industrialiseringen,https://henriksborg.se/wp-content/uploads/2021/09/Ind-26-2048x1395.jpeg,/assets/hsb/industrialiseringen-ind-26-2048x1395.jpeg,,,1968. Riksantikvarieämbetet. Lugnet i bakgrunden Fotograf Erik Claesson.
kvarnholmen-och-svindersviken,Kvarnholmen och Svindersviken,https://henriksborg.se/wp-content/uploads/2024/10/Kvh-1.jpg,/assets/hsb/kvarnholmen-och-svindersviken-kvh-1.jpg,,,Västra Sicklaön 1774. Kvarnholmen hette Hästholmen fram till 1940-talet. Här syns flera industrier och Svindersviks gård. På Hästholmen syns en krog på nordvästra sidan.  Stockholms stadsarkiv.
kvarnholmen-och-svindersviken,Kvarnholmen och Svindersviken,https://henriksborg.se/wp-content/uploads/2024/10/Kvh-2.png,/assets/hsb/kvarnholmen-och-svindersviken-kvh-2.png,,,Segelskeppet Louise Adelaide som exploderade sommaren 1901 i Svindersviken med en last av oljeprodukter. På bilden kan man ana masterna i röken. Explosionen inträffade runt 8.30 på morgonen och denna bild togs en timma senare. Olyckan lockade tusentals människor som från bergen runt viken kunde se branden. Det gick till och med extrabåtar från Stockholm med nyfikna. Fotograf M. Befwe. Tekniska muséet.
kvarnholmen-och-svindersviken,Kvarnholmen och Svindersviken,https://henriksborg.se/wp-content/uploads/2024/10/Kvh-3.jpg,/assets/hsb/kvarnholmen-och-svindersviken-kvh-3.jpg,,,"Superfosfatfabriken vid Gäddviken 1932. Längre bort, till höger, syns de nybyggda radhusen och smalhuset på Kvarnholmen. Fotogr af Aero Material AB ."
kvarnholmen-och-svindersviken,Kvarnholmen och Svindersviken,https://henriksborg.se/wp-content/uploads/2024/10/Kvh-4-2048x1497.jpeg,/assets/hsb/kvarnholmen-och-svindersviken-kvh-4-2048x1497.jpeg,,,I början av 1900-talet byggde Superfosfatfabriken sex hus med arbetarbostäder för sina anställda. Här är arbetslaget. Fotograf okänd. Nacka lokalhistoriska arkiv.
kvarnholmen-och-svindersviken,Kvarnholmen och Svindersviken,https://henriksborg.se/wp-content/uploads/2024/10/Kvh-5.jpg,/assets/hsb/kvarnholmen-och-svindersviken-kvh-5.jpg,,,"De sex röda husen med arbetarbostäder på Kvarnholmsvägen i början av 1900-talet. Två står kvar idag, mitt emot den gula disponentvillan. Fotograf okänd. Nacka lokalhistoriska arkiv."
kvarnholmen-och-svindersviken,Kvarnholmen och Svindersviken,https://henriksborg.se/wp-content/uploads/2024/10/Kvh-6.jpg,/assets/hsb/kvarnholmen-och-svindersviken-kvh-6.jpg,,,"Superfostfatfabriken i Svindersviken från bergen i söder på 1930-talet. Observera skorstenen, uppe till höger, för giftiga gaser på Finnberget, som då hette Skatberget. Det sades att det var dött omkring den. Fotograf okänd. Nacka lokalhistoriska arkiv."
kvarnholmen-och-svindersviken,Kvarnholmen och Svindersviken,https://henriksborg.se/wp-content/uploads/2024/10/Kvh-7.jpg,/assets/hsb/kvarnholmen-och-svindersviken-kvh-7.jpg,,,"Kvarnholmen 1932 med bron och Hästholmssundet, innan det fylldes igen. Det så kallade smalhuset är byggt, liksom radhusen nedanför. EPA-huset är ännu inte byggt. Småbåtsbryggorna syns tydligt i sundet. Nere till höger står skorstenen som släppte ut gaser från superfosfatfabriken. Där byggdes senare Finnboda varvs personalbostäder. Fotograf Oscar Bladh."
kvarnholmen-och-svindersviken,Kvarnholmen och Svindersviken,https://henriksborg.se/wp-content/uploads/2024/10/Kvh-8-2048x1311.jpg,/assets/hsb/kvarnholmen-och-svindersviken-kvh-8-2048x1311.jpg,,,"År 1990 såg norra kusten av Svindersviken ut så här. Superfosfatfabriken revs 1966 och ersattes av Kooperationens kafferosteri till vänster i bild. Det var i drift ända fram till mitten av 1990-talet. Emellanåt låg en tydlig kaffedoft över trakten. Därför kallades ofta motorvägssträckan mittemot, till och från Värmdö, för Kaffebacken – inte minst i Radio Stockholms trafikrapportering. Dramaten och Operan hade länge ateljéer, repetitionslokaler och rekvisitalager i byggnaderna. OK :s oljedepå är idag borta. I förgrunden syns Nacka Båtklubb. På norra sidan väster om byggnaderna, och utanför bild, ligger Finnboda Båtklubb, Gäddvikens segelsällskap och Svindersvikens Båtklubb. Fotograf Gérard Angot. Nacka lokalhistoriska arkiv."
kvarnholmen-och-svindersviken,Kvarnholmen och Svindersviken,https://henriksborg.se/wp-content/uploads/2024/10/Kvh-9.jpg,/assets/hsb/kvarnholmen-och-svindersviken-kvh-9.jpg,,,Kvarnen Tre Kronor 1903. Fotograf okänd. Nackaboken 1993.
kvarnholmen-och-svindersviken,Kvarnholmen och Svindersviken,https://henriksborg.se/wp-content/uploads/2024/10/Kvh-10.jpg,/assets/hsb/kvarnholmen-och-svindersviken-kvh-10.jpg,,,Tre Kronor runt 1920. Närmast syns kontoret. Nere i högra hörnet syns passagerare från en båt stiga i land. Foto Axel Malmström — Digitala stadsmuseet
kvarnholmen-och-svindersviken,Kvarnholmen och Svindersviken,https://henriksborg.se/wp-content/uploads/2024/10/Kvh-11.jpg,/assets/hsb/kvarnholmen-och-svindersviken-kvh-11.jpg,,,Tre Kronor en vinterdag omkring 1920 med det gamla kvarnkontoret längst till vänster. Fotograf okänd.
kvarnholmen-och-svindersviken,Kvarnholmen och Svindersviken,https://henriksborg.se/wp-content/uploads/2024/10/Kvh-12.jpg,/assets/hsb/kvarnholmen-och-svindersviken-kvh-12.jpg,,,Från invigningen av den övre brodelen 1932. I bakgrunden syns Superfosfatfabriken. Fotograf okänd. Svenska Dagbladet.
kvarnholmen-och-svindersviken,Kvarnholmen och Svindersviken,https://henriksborg.se/wp-content/uploads/2024/10/Kvh-13.jpg,/assets/hsb/kvarnholmen-och-svindersviken-kvh-13.jpg,,,Dubbelbron kort efter invigningen 1932. Fotograf Bengt Norberg. Digitala stadsmuséet.
kvarnholmen-och-svindersviken,Kvarnholmen och Svindersviken,https://henriksborg.se/wp-content/uploads/2024/10/Kvh-14-2048x1569.jpg,/assets/hsb/kvarnholmen-och-svindersviken-kvh-14-2048x1569.jpg,,,"När bron till Kvarnholmen var byggd startade KF , strax före andra världskriget, en trådbusslinje till Södermalm. Några år senare började trådlastbilar köra mjölsäckar samma sträcka.. På 1970-talet övertog SL busstrafiken. Bilden från Folkungagatan runt 1950. Södermalms Foto. Nacka lokalhistoriska arkiv."
kvarnholmen-och-svindersviken,Kvarnholmen och Svindersviken,https://henriksborg.se/wp-content/uploads/2024/10/Kvh-15-2048x1389.jpg,/assets/hsb/kvarnholmen-och-svindersviken-kvh-15-2048x1389.jpg,,,Spisbrödsfabriken på 1940-talet.Nu var det löpande band som gällde. Fotograf okänd. Digitala stadsmuséet.
kvarnholmen-och-svindersviken,Kvarnholmen och Svindersviken,https://henriksborg.se/wp-content/uploads/2024/10/Kvh-16.jpg,/assets/hsb/kvarnholmen-och-svindersviken-kvh-16.jpg,,,Till vänster syns nyare byggnader där arkitekten inte försökt dölja att det var silor i enlighet med de idéer som KF :s arkitektkontor drev tidigt. Foto Ingvar Lundkvist 1984. Nacka lokalhistoriska arkiv.
kvarnholmen-och-svindersviken,Kvarnholmen och Svindersviken,https://henriksborg.se/wp-content/uploads/2024/10/Kvh-17.jpg,/assets/hsb/kvarnholmen-och-svindersviken-kvh-17.jpg,,,Kontorsbyggnaden som kallades Munspelet 1966 som såg ut att sväva i luften.. Fotograf okänd. Nacka lokalhistoriska arkiv.
kvarnholmen-och-svindersviken,Kvarnholmen och Svindersviken,https://henriksborg.se/wp-content/uploads/2024/10/Kvh-18.jpg,/assets/hsb/kvarnholmen-och-svindersviken-kvh-18.jpg,,,Smalhuset till vänster och Konsum till höger på 1940-talet. Radhusen skymtar framme till höger. Lägg märke till trådarna till bussen och lastbilarna. Adressen var först Stora Gatan. När bron byggts blev namnet Tre Kronors väg. Vykort. Kooperativa Förbundet.
kvarnholmen-och-svindersviken,Kvarnholmen och Svindersviken,https://henriksborg.se/wp-content/uploads/2024/10/Kvh-19-2048x1372.jpg,/assets/hsb/kvarnholmen-och-svindersviken-kvh-19-2048x1372.jpg,,,Radhusen från sydväst med smalhuset i bakgrunden. 1930-tal.  Foto Oscar Halldin. Arkitekturmuséet.
kvarnholmen-och-svindersviken,Kvarnholmen och Svindersviken,https://henriksborg.se/wp-content/uploads/2024/10/Kvh-20.png,/assets/hsb/kvarnholmen-och-svindersviken-kvh-20.png,,,"Smalhus nummer två — det så kallade EPA-huset som ligger längst västerut, på 1940-talet. Fotograf okänd. KF :s arkiv."
kvarnholmen-och-svindersviken,Kvarnholmen och Svindersviken,https://henriksborg.se/wp-content/uploads/2024/10/Kvh-21.jpg,/assets/hsb/kvarnholmen-och-svindersviken-kvh-21.jpg,,,Fiskförsäljning utanför Konsum på 1940-talet. Fotograf okänd. KF :s arkiv.
kvarnholmen-och-svindersviken,Kvarnholmen och Svindersviken,https://henriksborg.se/wp-content/uploads/2024/10/Kvh-22.jpg,/assets/hsb/kvarnholmen-och-svindersviken-kvh-22.jpg,,,Konsum på 1950-talet och nu med självbetjäning. På Finnberget syns personalbostäderna för Finnboda varv. Fotograf okänd. KF :s arkiv.
kvarnholmen-och-svindersviken,Kvarnholmen och Svindersviken,https://henriksborg.se/wp-content/uploads/2024/10/Kvh-23-2048x1425.jpg,/assets/hsb/kvarnholmen-och-svindersviken-kvh-23-2048x1425.jpg,,,Kvarnholmen i sin glans dagar på 1950-talet. Munspelet svävar till höger. Vykort.
saltsjoqvarn,Saltsjöqvarn,https://henriksborg.se/wp-content/uploads/2021/08/sq-1.jpg,/assets/hsb/saltsjoqvarn-sq-1.jpg,,,Ur en broschyr från Kejsarkronan från 1950- eller 1960-talet.
saltsjoqvarn,Saltsjöqvarn,https://henriksborg.se/wp-content/uploads/2021/08/sq-2-2048x1558.jpg,/assets/hsb/saltsjoqvarn-sq-2-2048x1558.jpg,,,Saltsjöqvarn från sydväst runt 1890 och närmast syns byggnader vid Danvikens hospital. Stockholms läns museum. ID LX99-0035 . Fotograf Anton Blomberg.
saltsjoqvarn,Saltsjöqvarn,https://henriksborg.se/wp-content/uploads/2021/08/sq-3.jpg,/assets/hsb/saltsjoqvarn-sq-3.jpg,,,Saltsjöqvarn runt 1900 från Fåfängan. Linoljefabriken på Henriksborgsklippan är nu byggd och skymtar högst upp liksom skorstenen till Rylanders fabrik längst till höger. Ännu är Hammarby kanal inte byggd utan hospitalets byggnader ligger i högerkant av fotot. Stadsmuséet. Bildnummer C 1867. CC : License: BY Unikt dokument ID : SSMC001867 . Fotograf okänd.
saltsjoqvarn,Saltsjöqvarn,https://henriksborg.se/wp-content/uploads/2021/08/sq-4.jpg,/assets/hsb/saltsjoqvarn-sq-4.jpg,,,Foto runt 1900. A/B Saltsjöqvarn genom Kjell Eklund.
saltsjoqvarn,Saltsjöqvarn,https://henriksborg.se/wp-content/uploads/2021/08/sq-5.jpg,/assets/hsb/saltsjoqvarn-sq-5.jpg,,,Några år in på 1900-talet. Foto A/B Saltsjöqvarn genom Kjell Eklund.
saltsjoqvarn,Saltsjöqvarn,https://henriksborg.se/wp-content/uploads/2021/08/sq-6.jpg,/assets/hsb/saltsjoqvarn-sq-6.jpg,,,Foto 1896. A/B Saltsjöqvarn genom Kjell Eklund. Okänd fotograf.
saltsjoqvarn,Saltsjöqvarn,https://henriksborg.se/wp-content/uploads/2021/08/sq-7.jpg,/assets/hsb/saltsjoqvarn-sq-7.jpg,,,Saltsjöqvarns stall 1896. Foto A/B Saltsjöqvarn genom Kjell Eklund.
saltsjoqvarn,Saltsjöqvarn,https://henriksborg.se/wp-content/uploads/2021/08/sq-8.jpg,/assets/hsb/saltsjoqvarn-sq-8.jpg,,,"Cereallaboratoriet 1910. Public Domain, Fotograf Gunnar Molin."
saltsjoqvarn,Saltsjöqvarn,https://henriksborg.se/wp-content/uploads/2021/08/sq-9.jpg,/assets/hsb/saltsjoqvarn-sq-9.jpg,,,Foto A/B Saltsjöqvarn genom Kjell Eklund.
saltsjoqvarn,Saltsjöqvarn,https://henriksborg.se/wp-content/uploads/2021/08/sq-10.jpg,/assets/hsb/saltsjoqvarn-sq-10.jpg,,,Foto A/B Saltsjöqvarn genom Kjell Eklund.
saltsjoqvarn,Saltsjöqvarn,https://henriksborg.se/wp-content/uploads/2021/08/sq-11.jpg,/assets/hsb/saltsjoqvarn-sq-11.jpg,,,Vykort från Saltsjökvarn runt 1930. Mannagrynskvarnen är nybyggd och upplyst. Linoljefabriken på klippan är helt nedsläckt.
saltsjoqvarn,Saltsjöqvarn,https://henriksborg.se/wp-content/uploads/2021/08/sq-12.jpg,/assets/hsb/saltsjoqvarn-sq-12.jpg,,,Foto ur Jubileumsboken 1939 A/B Saltsjöqvarn.
saltsjoqvarn,Saltsjöqvarn,https://henriksborg.se/wp-content/uploads/2021/08/sq-13.jpg,/assets/hsb/saltsjoqvarn-sq-13.jpg,,,Foto A/B Saltsjöqvarn genom Kjell Eklund.
saltsjoqvarn,Saltsjöqvarn,https://henriksborg.se/wp-content/uploads/2021/08/sq-14.jpg,/assets/hsb/saltsjoqvarn-sq-14.jpg,,,AB Saltsjöqvarn genom Kjell Eklund.
saltsjoqvarn,Saltsjöqvarn,https://henriksborg.se/wp-content/uploads/2021/08/sq-15.jpg,/assets/hsb/saltsjoqvarn-sq-15.jpg,,,Ur A/B Saltsjöqvarns jubileumsbok 1943 genom Kjell Eklund.
saltsjoqvarn,Saltsjöqvarn,https://henriksborg.se/wp-content/uploads/2021/08/SQ-16.jpg,/assets/hsb/saltsjoqvarn-sq-16.jpg,,,1953. Spårvägsmuséet. Dokument id 2017-A7387 . Fotograf okänd. Creative Commons Attribution-NonCommercial 3.0 Unported License .
saltsjoqvarn,Saltsjöqvarn,https://henriksborg.se/wp-content/uploads/2021/08/SQ-17.jpg,/assets/hsb/saltsjoqvarn-sq-17.jpg,,,Ur en broschyr från Kejsarkronan på 1950-talett.
saltsjoqvarn,Saltsjöqvarn,https://henriksborg.se/wp-content/uploads/2021/08/SQ-18.jpg,/assets/hsb/saltsjoqvarn-sq-18.jpg,,,
saltsjoqvarn,Saltsjöqvarn,https://henriksborg.se/wp-content/uploads/2021/08/SQ-19.jpg,/assets/hsb/saltsjoqvarn-sq-19.jpg,,,Vykort från runt 1970.
saltsjoqvarn,Saltsjöqvarn,https://henriksborg.se/wp-content/uploads/2021/08/sq-20.jpg,/assets/hsb/saltsjoqvarn-sq-20.jpg,,,Foto A/ B Saltsjökvarn efter 1970 genom Kjell Eklund.
saltsjoqvarn,Saltsjöqvarn,https://henriksborg.se/wp-content/uploads/2021/08/sq-21-1-2048x1391.jpg,/assets/hsb/saltsjoqvarn-sq-21-1-2048x1391.jpg,,,Foto: Valentin Lurz 1976.
saltsjoqvarn,Saltsjöqvarn,https://henriksborg.se/wp-content/uploads/2021/08/sq-22.jpg,/assets/hsb/saltsjoqvarn-sq-22.jpg,,,DN 13 december 1981. Mannagrynskvarnen benämns felaktigt Saltsjöblick som var försäljningsnamnet för radhusen på Henriksborgsklippan.
saltsjoqvarn,Saltsjöqvarn,https://henriksborg.se/wp-content/uploads/2021/08/sq-23-2048x1425.jpg,/assets/hsb/saltsjoqvarn-sq-23-2048x1425.jpg,,,Foto Kjell Eklund år 1988.
saltsjoqvarn,Saltsjöqvarn,https://henriksborg.se/wp-content/uploads/2021/08/sq-24-2048x1385.jpg,/assets/hsb/saltsjoqvarn-sq-24-2048x1385.jpg,,,Foto Kjell Eklund 1986.
saltsjoqvarn,Saltsjöqvarn,https://henriksborg.se/wp-content/uploads/2021/08/sq-25-scaled.jpg,/assets/hsb/saltsjoqvarn-sq-25-scaled.jpg,,,Foto Kjell Eklund 1986. Tegelbyggnaden till vänster är idag västra gaveln på  Elite Hotel med bostadsrätterna åt detta håll.
saltsjoqvarn,Saltsjöqvarn,https://henriksborg.se/wp-content/uploads/2021/08/sq-26.jpg,/assets/hsb/saltsjoqvarn-sq-26.jpg,,,Foto Kjell Eklund 1986. Från Bagarberget.
saltsjoqvarn,Saltsjöqvarn,https://henriksborg.se/wp-content/uploads/2021/08/sq-27.jpg,/assets/hsb/saltsjoqvarn-sq-27.jpg,,,Foto: Kjell Eklund 1986
saltsjoqvarn,Saltsjöqvarn,https://henriksborg.se/wp-content/uploads/2021/08/sq-28.jpg,/assets/hsb/saltsjoqvarn-sq-28.jpg,,,Bagarberget utan bebyggelse 1986. I bakgrunden Danviksklippans hus. Foto söderut från kvarnen av Kjell Eklund.
saltsjoqvarn,Saltsjöqvarn,https://henriksborg.se/wp-content/uploads/2021/08/sq-29.jpg,/assets/hsb/saltsjoqvarn-sq-29.jpg,,,Betongsilor och maskintorn rivs. Foto efter 1990. Fotograf okänd. Nackas lokalhistoriska arkiv.
traktens-och-kommunens-historia,Traktens och kommunens historia￼￼,https://henriksborg.se/wp-content/uploads/2022/03/Historia-1.jpg,/assets/hsb/traktens-och-kommunens-historia-historia-1.jpg,,,Rekonstruktion av Stockholmsrådets strandlinjer på stenåldern. Den blå pilen pekar på Henriksdalsberget – Henriksborgsklippan ligger under vatten. Holger Ellgaard 2009.
traktens-och-kommunens-historia,Traktens och kommunens historia￼￼,https://henriksborg.se/wp-content/uploads/2022/03/Historia-2.jpg,/assets/hsb/traktens-och-kommunens-historia-historia-2.jpg,,,"En silverskatt, sannolikt  från 1000-talet, hittades i Finnboda år 1735. Foto Sören Hallgren 1965. Muséet Hamn. Skatten finns nu på Historiska Muséet – men är inte utställd när detta skrivs."
traktens-och-kommunens-historia,Traktens och kommunens historia￼￼,https://henriksborg.se/wp-content/uploads/2022/03/Historia-3.jpg,/assets/hsb/traktens-och-kommunens-historia-historia-3.jpg,,,Runsten från 1000-talet vid Väsby herrgård i Värmdö. Foto 2012 Riksantikvarieämbetet
traktens-och-kommunens-historia,Traktens och kommunens historia￼￼,https://henriksborg.se/wp-content/uploads/2022/03/Historia-4.jpg,/assets/hsb/traktens-och-kommunens-historia-historia-4.jpg,,,Danvikstull 1805. Danvikens hospital syns tydligt innanför Danviken. Även Fåfängan är utsatt. I den s.k. Tegelvikshamnen syns ett varv (idag Viking Line). Stadsarkivet.
traktens-och-kommunens-historia,Traktens och kommunens historia￼￼,https://henriksborg.se/wp-content/uploads/2022/03/Historia-5-800.jpg,/assets/hsb/traktens-och-kommunens-historia-historia-5-800.jpg,,,Den stora kvarnbyggnaden med magasin vid Nacka ström. Kvarnbyggnaden är från 1873. Längst till vänster ses den gamla kvarngården. Oljemålning ca 1900. Nackas lokalhistoriska arkiv.
traktens-och-kommunens-historia,Traktens och kommunens historia￼￼,https://henriksborg.se/wp-content/uploads/2022/03/Historia-6.jpg,/assets/hsb/traktens-och-kommunens-historia-historia-6.jpg,,,Nacka tidigt 1900-tal. Lantmäteriet.
traktens-och-kommunens-historia,Traktens och kommunens historia￼￼,https://henriksborg.se/wp-content/uploads/2022/03/Historia-7-800.jpg,/assets/hsb/traktens-och-kommunens-historia-historia-7-800.jpg,,,Västra Sicklaön 1774. Hindricsdal syns till vänster om mitten. Stockholms stadsarkiv.
traktens-och-kommunens-historia,Traktens och kommunens historia￼￼,https://henriksborg.se/wp-content/uploads/2022/03/Historia-8.jpg,/assets/hsb/traktens-och-kommunens-historia-historia-8.jpg,,,Issågning på Hammarby sjö. Längst bort skymtar hospitalet med kyrkan. Tavla av Ehrenfried Wahlqvist 1864. Stockholms stadsmuseum inventarienummer SSM 2424
traktens-och-kommunens-historia,Traktens och kommunens historia￼￼,https://henriksborg.se/wp-content/uploads/2022/03/Historia-9-800.jpg,/assets/hsb/traktens-och-kommunens-historia-historia-9-800.jpg,,,"Runt 1890. Foto Carl Burman, Riksantikvarieämbetet."
traktens-och-kommunens-historia,Traktens och kommunens historia￼￼,https://henriksborg.se/wp-content/uploads/2022/03/Historia-10.jpg,/assets/hsb/traktens-och-kommunens-historia-historia-10.jpg,,,Ungefär vid Bondegatans mynning runt 1890. Fotograf okänd. Stockholmskällan.
traktens-och-kommunens-historia,Traktens och kommunens historia￼￼,https://henriksborg.se/wp-content/uploads/2022/03/Historia-11.jpg,/assets/hsb/traktens-och-kommunens-historia-historia-11.jpg,,,Finnboda (tidigare Finnebo) värdshus på vykort från 1903. Det blev senare personalmatsal i tre klasser för Finnboda varv. Fotograf okänd.
traktens-och-kommunens-historia,Traktens och kommunens historia￼￼,https://henriksborg.se/wp-content/uploads/2022/03/Historia-12-800.jpg,/assets/hsb/traktens-och-kommunens-historia-historia-12-800.jpg,,,Nacka gamla kapell/ kyrka revs i början av 1900-talet. Riksantikvarieämbetet. Fotograf okänd 1894
traktens-och-kommunens-historia,Traktens och kommunens historia￼￼,https://henriksborg.se/wp-content/uploads/2022/03/Historia-13-800.jpg,/assets/hsb/traktens-och-kommunens-historia-historia-13-800.jpg,,,Danvikens begravningsplats Foto: Janne Petersson.
traktens-och-kommunens-historia,Traktens och kommunens historia￼￼,https://henriksborg.se/wp-content/uploads/2022/03/Historia-14.jpg,/assets/hsb/traktens-och-kommunens-historia-historia-14.jpg,,,Vilans folkskola byggdes 1890 nedanför Danvikshem.. Bilden är tagen runt 1969 och fotografen är okänd. Nackas lokalhistoriska arkiv.
traktens-och-kommunens-historia,Traktens och kommunens historia￼￼,https://henriksborg.se/wp-content/uploads/2022/03/Historia-15-800.jpg,/assets/hsb/traktens-och-kommunens-historia-historia-15-800.jpg,,,1894 togs detta foto av en okänd fotograf. Nackas lokalhistoriska arkiv.
traktens-och-kommunens-historia,Traktens och kommunens historia￼￼,https://henriksborg.se/wp-content/uploads/2022/03/Historia-16-800.jpg,/assets/hsb/traktens-och-kommunens-historia-historia-16-800.jpg,,,Foto av Carl Curman sannolikt runt 1900. Riksantikvarieämbetet.
traktens-och-kommunens-historia,Traktens och kommunens historia￼￼,https://henriksborg.se/wp-content/uploads/2022/03/Historia-17.jpg,/assets/hsb/traktens-och-kommunens-historia-historia-17.jpg,,,Utsikt från Waldemarsudde mot Nacka 1906–1907. Bilden är tagen en tidig sommarmorgon från prinsens sovrum. Fotograf Prins Eugen. Prins Eugens Waldemarsudde KE9 /43.
traktens-och-kommunens-historia,Traktens och kommunens historia￼￼,https://henriksborg.se/wp-content/uploads/2022/03/Historia-18.jpg,/assets/hsb/traktens-och-kommunens-historia-historia-18.jpg,,,Stadsgårdens station i början av 1900-talet innan tågen gick ända in till Slussen. Sjöhistoriska muséet. Okänd fotograf.
traktens-och-kommunens-historia,Traktens och kommunens historia￼￼,https://henriksborg.se/wp-content/uploads/2022/03/Historia-19.jpg,/assets/hsb/traktens-och-kommunens-historia-historia-19.jpg,,,"Den första bron för Saltsjöbanan vid Danviken 1908. Under bron syns entrén till Danvikens hospital. Fotograf okänd. Spårvägsmuseet (1–3162),"
traktens-och-kommunens-historia,Traktens och kommunens historia￼￼,https://henriksborg.se/wp-content/uploads/2022/03/Historia-20.jpg,/assets/hsb/traktens-och-kommunens-historia-historia-20.jpg,,,Den nybyggda järnvägsbron vid Danvikens hospital 1896. Fotograf okänd. Stockholms stadsmuseum. Fotonummer Fa 7121.
traktens-och-kommunens-historia,Traktens och kommunens historia￼￼,https://henriksborg.se/wp-content/uploads/2022/03/Historia-21.jpg,/assets/hsb/traktens-och-kommunens-historia-historia-21.jpg,,,"1896. Stockholms stadsmuseum Fotonummer Fa 48195; C 1552, Okänd fotograf."
traktens-och-kommunens-historia,Traktens och kommunens historia￼￼,https://henriksborg.se/wp-content/uploads/2022/03/Historia-22-800.jpg,/assets/hsb/traktens-och-kommunens-historia-historia-22-800.jpg,,,Vid ingången till Danvikstull runt sekelskiftet 1900. Fotograf okänd. Stadsmuséets samlingar.
traktens-och-kommunens-historia,Traktens och kommunens historia￼￼,https://henriksborg.se/wp-content/uploads/2022/03/Historia-23.jpg,/assets/hsb/traktens-och-kommunens-historia-historia-23.jpg,,,Runt 1893. Järnvägsmuséet KBEB02441 . Fotograf Axel Lindahl.
traktens-och-kommunens-historia,Traktens och kommunens historia￼￼,https://henriksborg.se/wp-content/uploads/2022/03/Historia-24-800.jpg,/assets/hsb/traktens-och-kommunens-historia-historia-24-800.jpg,,,Finnboda varvs ledning 1895. I mitten på första raden sitter varvets direktör Kurt von Schmalensée som var mycket inflytelserik i kommunen runt sekelskiftet 1900. Foto J. David Levallois. Centrum för Näringslivshistoria.
traktens-och-kommunens-historia,Traktens och kommunens historia￼￼,https://henriksborg.se/wp-content/uploads/2022/03/Historia-25-800.jpg,/assets/hsb/traktens-och-kommunens-historia-historia-25-800.jpg,,,Atlas Diesel i Sickla 1938. I bakgrunden Svindersviken och Kvarnholmen. Foto Atlas Diesel. Nacka lokalhistoriska arkiv.
traktens-och-kommunens-historia,Traktens och kommunens historia￼￼,https://henriksborg.se/wp-content/uploads/2022/03/Historia-26-800.jpg,/assets/hsb/traktens-och-kommunens-historia-historia-26-800.jpg,,,"Nackas första kommunhus, på Lindvägen 13 i Storängen Vykort från 1910. Nacka lokalhistoriska arkiv."
traktens-och-kommunens-historia,Traktens och kommunens historia￼￼,https://henriksborg.se/wp-content/uploads/2022/03/Historia-27-800.jpg,/assets/hsb/traktens-och-kommunens-historia-historia-27-800.jpg,,,Sickla industriområde med Finntorp i bakgrunden – idag köpcentrum. Foto Erik Claesson 1967. Riksantikvarieämbetet.
